{"cameraMode":{"drawMode":0,"name":"Shaded","section":"Shading Mode"},"sceneLighting":true,"audioPlay":false,"sceneViewState":{"m_AlwaysRefresh":false,"showFog":true,"showSkybox":true,"showFlares":true,"showImageEffects":true,"showParticleSystems":true,"showVisualEffectGraphs":true,"m_FxEnabled":true},"in2DMode":false,"pivot":{"x":-0.09929294884204865,"y":-0.16555826365947724,"z":0.5963729619979858},"rotation":{"x":-0.1544804722070694,"y":-0.12207942456007004,"z":0.019239237532019616,"w":-0.980236291885376},"size":1.4366776943206788,"orthographic":false}